<project name="propath">
    <path id="compilation.propath">
        <pathelement path="/projects/$project-name"/>
        <pathelement path="/projects/$project-name/src"/>
        <pathelement path="/usr/dlc/tty"/>
        <pathelement path="/usr/dlc/tty/adecomm.pl"/>
        <pathelement path="/usr/dlc/tty/adecomp.pl"/>
        <pathelement path="/usr/dlc/tty/adeedit.pl"/>
        <pathelement path="/usr/dlc/tty/adeshar.pl"/>
        <pathelement path="/usr/dlc/tty/dataadmin.pl"/>
        <pathelement path="/usr/dlc/tty/prodict.pl"/>
        <pathelement path="/usr/dlc/tty/OpenEdge.Core.pl"/>
        <pathelement path="/usr/dlc/tty/OpenEdge.BusinessLogic.pl"/>
    </path>
</project>