<project name="propath">
    <path id="compilation.propath">
        <pathelement path="${ROOT}"/>
        <pathelement path="${ROOT}/src"/>
        <pathelement path="${DLC}/tty"/>
        <pathelement path="${DLC}/tty/adecomm.pl"/>
        <pathelement path="${DLC}/tty/adecomp.pl"/>
        <pathelement path="${DLC}/tty/adeedit.pl"/>
        <pathelement path="${DLC}/tty/adeshar.pl"/>
        <pathelement path="${DLC}/tty/dataadmin.pl"/>
        <pathelement path="${DLC}/tty/prodict.pl"/>
        <pathelement path="${DLC}/tty/OpenEdge.Core.pl"/>
        <pathelement path="${DLC}/tty/OpenEdge.BusinessLogic.pl"/>
    </path>
</project>