<?xml version="1.0" encoding="UTF-8"?>

<md:EntityDescriptor xmlns:md="urn:oasis:names:tc:SAML:2.0:metadata" 
					 ID="PASOE SAML" 
					 entityID="PASOE SAML ENTITY ID"> 

		<md:SPSSODescriptor AuthnRequestsSigned="true" WantAssertionsSigned="true" 
		protocolSupportEnumeration="urn:oasis:names:tc:SAML:2.0:protocol">
			
			<md:NameIDFormat>urn:oasis:names:tc:SAML:1.1:nameid-format:emailAddress</md:NameIDFormat>
			
			<md:NameIDFormat>urn:oasis:names:tc:SAML:2.0:nameid-format:transient</md:NameIDFormat>
			
			<md:NameIDFormat>urn:oasis:names:tc:SAML:2.0:nameid-format:persistent</md:NameIDFormat>
			
			<md:NameIDFormat>urn:oasis:names:tc:SAML:1.1:nameid-format:unspecified</md:NameIDFormat>
			
			<md:NameIDFormat>urn:oasis:names:tc:SAML:1.1:nameid-format:X509SubjectName</md:NameIDFormat>
			
			<md:AssertionConsumerService Binding="urn:oasis:names:tc:SAML:2.0:bindings:HTTP-POST" 
				Location="http://localhost1:8810/rest/*" index="0" isDefault="true"/>

		</md:SPSSODescriptor>


</md:EntityDescriptor>