<?xml version="1.0" encoding="UTF-8"?>
<!--
  - Application context containing http authentication control
  -->

<b:beans xmlns="http://www.springframework.org/schema/security"
    xmlns:b="http://www.springframework.org/schema/beans"
    xmlns:xsi="http://www.w3.org/2001/XMLSchema-instance"
    xsi:schemaLocation="http://www.springframework.org/schema/beans http://www.springframework.org/schema/beans/spring-beans-4.2.xsd
                        http://www.springframework.org/schema/security http://www.springframework.org/schema/security/spring-security-4.1.xsd">
    
 
    <!-- Define any OpenEdge defined local properties and values that will 
         override those loaded by the 'properties-loader.xml' configuration. 
         DO NOT EDIT THIS WITH WEB APPLICATION PROPERTIES -->
	<b:bean id="localProperties"
            class="org.springframework.beans.factory.config.PropertiesFactoryBean">
        <b:property name="properties" >
            <b:props>
                <b:prop key="http.login.model">form</b:prop>
            </b:props>
        </b:property>
    </b:bean>

    <!-- Load the external properties and values used by the oeablSecurity-basic*.xml
         and oeablSecurity-form*.xml configuration files. External properties may
         be tailored, edited, or managed using external utilities by OpenEdge or
         ABL developers.

         External properties will be located and loaded in
         this order:
            1)  webapps/<web-app-name>/WEB-INF/oeablSecurity.properties
            2)  conf/<abl-app-name>/oeablSecurity.properties
            3)  conf/oeablSecurity.properties
         Properties are found according to the load order, with the
         value used from the first occurance of the property.
     -->
     <b:import resource="properties-loader.xml"/>

    <!-- Load the Spring Security XML file holding the HTTP Form
         client login configuration and all of the AuthenticationManager
         declarations for the supported user account sources. -->
    <b:import resource="formLoginModel.xml"/> 

</b:beans>
